inscricao,nota_final_fase_2
 10025774,87.50 
 10027005, 97.50 
 10027366, 97.50 
 10021757, 97.50 
 10000602, 97.50 
 10004962, 97.50 
 10028755, 97.50 
 10012865, 97.50 
 10009519, 97.50 
 10028249, 97.50 
 10022893, 97.50 
 10025916, 97.50 
 10004537, 97.50 
 10016037, 97.50 
 10011772, 97.50 
 10015472, 97.50 
 10009303, 97.50 
 10011272, 95.50 
 10025098, 95.50 
 10021338, 95.50 
 10005210, 95.50 
 10011701, 95.50 
 10002004, 95.50 
 10014757, 95.50 
 10031697, 95.50 
 10013800, 95.50 
 10027872, 95.50 
 10018234, 95.50 
 10018744, 95.50 
 10004994, 95.50 
 10026171, 95.50 
 10021452, 95.50 
 10020096, 95.50 
 10002706, 95.50 
 10028738, 95.50 
 10020742, 95.50 
 10023329, 95.50 
 10002007, 95.50 
 10010267, 95.50 
 10025557, 95.50 
 10002820, 95.50 
 10008504, 95.50 
 10024476, 95.50 
 10031417, 95.50 
 10026031, 95.50 
 10005729, 95.50 
 10014512, 95.50 
 10031421, 95.50 
 10014121, 95.50 
 10016203, 95.50 
 10028004, 95.50 
 10031054, 95.50 
 10023634, 95.50 
 10022969, 95.50 
 10013045, 95.50 
 10011394, 95.50 
 10027047, 95.50 
 10020547, 95.50 
 10007398, 95.00 
 10014258, 95.00 
 10014704, 95.00 
 10013734, 95.00 
 10010369, 95.00 
 10012621, 95.00 
 10029570, 95.00 
 10029596, 95.00 
 10028618, 95.00 
 10019746, 95.00 
 10004449, 95.00 
 10011332, 95.00 
 10020037, 95.00 
 10019147, 95.00 
 10026755, 95.00 
 10023425, 95.00 
 10018912, 95.00 
 10009368, 95.00 
 10000821, 95.00 
 10008090, 95.00 
 10009152, 95.00 
 10017900, 95.00 
 10013581, 95.00 
 10007133, 95.00 
 10022720, 95.00 
 10007283, 95.00 
 10001923, 95.00 
 10018201, 95.00 
 10020432, 95.00 
 10015357, 95.00 
 10016642, 95.00 
 10017169, 95.00 
 10023348, 95.00 
 10002865, 95.00 
 10024157, 95.00 
 10012771, 95.00 
 10031155, 95.00 
 10017234, 95.00 
 10001553, 95.00 
 10023200, 95.00 
 10010075, 95.00 
 10002278, 95.00 
 10024077, 95.00 
 10006895, 94.67 
 10028682, 94.67 
 10026255, 94.67 
 10011566, 94.67 
 10027498, 94.67 
 10006504, 94.67 
 10004410, 94.67 
 10015066, 94.67 
 10003225, 94.67 
 10014070, 94.67 
 10007775, 94.67 
 10011609, 94.67 
 10027843, 94.67 
 10014077, 94.67 
 10008977, 94.67 
 10004727, 94.67 
 10005268, 94.67 
 10013580, 94.67 
 10011595, 94.67 
 10028225, 94.67 
 10020010, 94.67 
 10027545, 94.67 
 10007991, 94.67 
 10016707, 94.67 
 10001406, 94.67 
 10032042, 94.67 
 10006979, 94.67 
 10022728, 94.67 
 10000551, 94.67 
 10025658, 94.67 
 10001486, 94.67 
 10002334, 94.67 
 10013840, 94.67 
 10013059, 94.67 
 10021204, 94.67 
 10019273, 94.67 
 10015082, 94.67 
 10019795, 94.67 
 10009248, 94.67 
 10021230, 94.67 
 10019321, 94.67 
 10020001, 94.67 
 10014602, 94.67 
 10011741, 94.67 
 10016669, 94.67 
 10014009, 94.67 
 10016899, 94.67 
 10010538, 94.67 
 10005483, 94.67 
 10003408, 94.67 
 10027187, 94.67 
 10005066, 94.67 
 10002520, 94.67 
 10002098, 94.67 
 10021016, 94.67 
 10018969, 94.67 
 10003490, 94.67 
 10012253, 94.67 
 10006841, 94.67 
 10012886, 94.67 
 10002019, 94.67 
 10002927, 94.67 
 10019845, 94.67 
 10015450, 94.67 
 10023851, 94.67 
 10020676, 94.67 
 10017079, 94.67 
 10014142, 94.67 
 10020901, 94.67 
 10026987, 94.67 
 10027426, 94.67 
 10015102, 94.67 
 10008612, 94.67 
 10018138, 94.67 
 10011753, 94.67 
 10030106, 94.67 
 10019520, 94.67 
 10028880, 94.67 
 10031599, 94.67 
 10001133, 94.67 
 10028043, 94.67 
 10003167, 94.67 
 10010456, 94.67 
 10008361, 94.67 
 10020385, 94.67 
 10021440, 94.67 
 10021270, 94.67 
 10023570, 94.67 
 10001660, 94.67 
 10022260, 94.67 
 10021194, 94.67 
 10027622, 94.67 
 10011524, 94.67 
 10010998, 94.67 
 10001774, 94.67 
 10024312, 94.67 
 10013201, 94.00 
 10006672, 94.00 
 10030549, 94.00 
 10019319, 94.00 
 10016339, 93.00 
 10014156, 93.00 
 10029765, 93.00 
 10010558, 92.50 
 10010783, 92.50 
 10021210, 92.50 
 10017506, 92.50 
 10022606, 92.50 
 10007965, 92.50 
 10031241, 92.50 
 10024909, 92.50 
 10014269, 92.50 
 10010308, 92.50 
 10006108, 92.50 
 10013544, 92.50 
 10003430, 92.50 
 10027511, 92.50 
 10013724, 92.50 
 10017868, 92.50 
 10025537, 92.50 
 10016779, 92.50 
 10016808, 92.50 
 10000942, 92.50 
 10009532, 92.50 
 10000331, 92.50 
 10024185, 92.50 
 10007370, 92.50 
 10021304, 92.50 
 10002968, 92.50 
 10005216, 92.50 
 10023742, 92.50 
 10027955, 92.50 
 10025575, 92.50 
 10026062, 92.50 
 10030729, 92.50 
 10012841, 92.50 
 10022996, 92.50 
 10016556, 92.50 
 10015692, 92.50 
 10001001, 92.50 
 10021481, 92.50 
 10032266, 92.50 
 10032221, 92.50 
 10015205, 92.50 
 10019493, 92.50 
 10016592, 92.50 
 10011350, 92.50 
 10015506, 92.50 
 10001104, 92.50 
 10029559, 92.50 
 10011938, 92.50 
 10012071, 92.50 
 10028204, 92.50 
 10002852, 92.50 
 10016662, 92.50 
 10032192, 92.50 
 10014386, 92.50 
 10031504, 92.50 
 10020374, 92.50 
 10001487, 92.50 
 10019279, 92.50 
 10017558, 92.50 
 10010678, 92.50 
 10024328, 92.50 
 10029179, 92.50 
 10026185, 92.50 
 10022114, 92.50 
 10007915, 92.50 
 10001007, 92.50 
 10022578, 92.50 
 10002516, 92.50 
 10008854, 92.50 
 10023860, 92.50 
 10026436, 92.50 
 10021222, 92.50 
 10019602, 92.50 
 10016887, 92.50 
 10030469, 92.50 
 10032563, 92.50 
 10028770, 92.50 
 10017207, 92.50 
 10029415, 92.50 
 10011921, 92.50 
 10023408, 92.50 
 10021376, 92.50 
 10027272, 92.50 
 10005999, 92.50 
 10012084, 92.50 
 10009468, 92.50 
 10030417, 92.50 
 10030224, 92.50 
 10008199, 92.50 
 10004337, 92.50 
 10027833, 92.50 
 10012471, 92.50 
 10021806, 92.17 
 10006974, 92.17 
 10015565, 92.17 
 10000991, 92.17 
 10022256, 92.00 
 10009359, 92.00 
 10025228, 92.00 
 10022180, 92.00 
 10022774, 92.00 
 10006541, 92.00 
 10025950, 92.00 
 10023398, 92.00 
 10002872, 92.00 
 10021287, 92.00 
 10017343, 92.00 
 10000607, 92.00 
 10018921, 92.00 
 10025282, 92.00 
 10011558, 92.00 
 10000967, 92.00 
 10029127, 92.00 
 10030257, 92.00 
 10019776, 92.00 
 10014329, 92.00 
 10010769, 92.00 
 10013335, 92.00 
 10023347, 91.00 
 10029886, 91.00 
 10008955, 91.00 
 10008532, 91.00 
 10020309, 90.50 
 10002765, 90.50 
 10018444, 90.50 
 10017795, 90.50 
 10002446, 90.50 
 10011923, 90.50 
 10020569, 90.17 
 10004234, 90.17 
 10013053, 90.17 
 10001338, 90.17 
 10017828, 90.17 
 10019771, 90.17 
 10002367, 90.17 
 10020174, 90.00 
 10026433, 90.00 
 10005559, 90.00 
 10019728, 90.00 
 10020301, 90.00 
 10026090, 90.00 
 10031980, 90.00 
 10021770, 90.00 
 10023091, 9.83 
 10026627, 9.50 
 10010266, 9.00 
 10030602, 9.00 
 10025712, 9.00 
 10002331, 9.00 
 10031016, 9.00 
 10029373, 9.00 
 10012662, 9.00 
 10032057, 9.00 
 10004722, 9.00 
 10031189, 9.00 
 10015079, 9.00 
 10029940, 9.00 
 10013249, 9.00 
 10000769, 9.00 
 10028572, 9.00 
 10029018, 9.00 
 10018087, 9.00 
 10000094, 89.67 
 10029745, 89.67 
 10000692, 89.67 
 10016614, 89.67 
 10020194, 89.67 
 10019371, 89.67 
 10028640, 89.67 
 10018529, 89.67 
 10012296, 89.67 
 10012142, 89.67 
 10022448, 89.67 
 10002898, 89.67 
 10007355, 89.67 
 10017825, 89.67 
 10018515, 89.67 
 10024263, 89.67 
 10026506, 89.50 
 10015405, 89.50 
 10025388, 89.50 
 10002826, 89.50 
 10023943, 89.50 
 10031609, 89.33 
 10032491, 89.33 
 10031369, 89.33 
 10001336, 89.33 
 10003024, 89.00 
 10022361, 88.67 
 10022261, 88.00 
 10030291, 88.00 
 10003847, 88.00 
 10028547, 88.00 
 10018961, 88.00 
 10009608, 88.00 
 10001864, 88.00 
 10024401, 88.00 
 10024860, 88.00 
 10014320, 88.00 
 10009635, 88.00 
 10001575, 88.00 
 10006734, 88.00 
 10028595, 88.00 
 10009348, 88.00 
 10018883, 88.00
 10006523, 87.50 
 10007315, 87.50 
 10011214, 87.50 
 10023277, 87.50 
 10011744, 87.50 
 10004209, 87.50 
 10018488, 87.50 
 10017545, 87.50 
 10025869, 87.50 
 10031617, 87.50 
 10020012, 87.50 
 10010694, 87.50 
 10016124, 87.50 
 10005613, 87.50 
 10021385, 87.50 
 10000223, 87.50 
 10009831, 87.50 
 10018780, 87.50 
 10028432, 87.50 
 10018210, 87.50 
 10001305, 87.50 
 10021568, 87.50 
 10021703, 87.50 
 10002909, 87.50 
 10017691, 87.50 
 10014408, 87.50 
 10002963, 87.50 
 10014469, 87.50 
 10024195, 87.50 
 10004851, 87.50 
 10023697, 87.50 
 10009572, 87.50 
 10031924, 87.50 
 10030615, 87.50 
 10023880, 87.17 
 10004203, 87.17 
 10029562, 87.17 
 10015913, 87.17 
 10023709, 87.17 
 10012931, 87.17 
 10015330, 87.17 
 10021101, 87.17 
 10002301, 87.17 
 10000123, 87.17 
 10031961, 87.17 
 10015452, 87.17 
 10005088, 87.17 
 10023590, 87.17 
 10019812, 87.17 
 10009140, 87.17 
 10012906, 87.17 
 10013957, 87.17 
 10000212, 87.17 
 10025276, 87.17 
 10014917, 87.17 
 10017409, 87.17 
 10024203, 87.17 
 10030365, 87.17 
 10017003, 87.17 
 10023285, 87.17 
 10023017, 87.17 
 10004683, 87.17 
 10004429, 87.17 
 10024579, 87.17 
 10015764, 87.17 
 10012374, 87.17 
 10002481, 87.17 
 10016717, 87.17 
 10000800, 87.17 
 10017981, 87.17 
 10030604, 87.17 
 10029686, 87.00 
 10022808, 87.00 
 10003391, 87.00 
 10007269, 87.00 
 10001711, 87.00 
 10019980, 87.00 
 10003687, 87.00 
 10028436, 87.00 
 10021417, 86.83 
 10011462, 86.67 
 10014706, 86.67 
 10030473, 86.67 
 10023632, 86.67 
 10016664, 86.67 
 10009504, 86.67 
 10020953, 86.67 
 10029959, 86.67 
 10004437, 86.67 
 10032137, 86.67 
 10000903, 86.67 
 10027865, 86.67 
 10001123, 86.67 
 10004939, 86.67 
 10002519, 86.67 
 10013285, 86.67 
 10024484, 86.67 
 10018922, 86.67 
 10002596, 86.67 
 10002396, 86.67 
 10014133, 86.67 
 10017929, 86.67 
 10000260, 86.67 
 10025811, 86.67 
 10028437, 86.67 
 10000392, 86.67 
 10017516, 86.67 
 10005702, 86.67 
 10025362, 86.67 
 10024226, 86.67 
 10016245, 86.67 
 10028586, 86.67 
 10008643, 86.67 
 10004998, 86.67 
 10032150, 86.67 
 10023762, 86.67 
 10019223, 86.67 
 10000410, 86.67 
 10013270, 86.67 
 10008073, 86.67 
 10010051, 86.67 
 10029775, 86.67 
 10030038, 86.67 
 10007066, 86.67 
 10016734, 86.67 
 10019655, 86.67 
 10010426, 86.00 
 10020807, 85.67 
 10016966, 85.67 
 10014918, 85.50 
 10005293, 85.50 
 10018310, 85.50 
 10000768, 85.17 
 10029621, 85.00 
 10021742, 85.00 
 10004588, 85.00 
 10004455, 85.00 
 10015425, 85.00 
 10000690, 85.00 
 10007958, 85.00 
 10020031, 85.00 
 10005217, 85.00 
 10006172, 85.00 
 10019364, 85.00 
 10016157, 85.00 
 10000190, 85.00 
 10011199, 85.00 
 10007479, 85.00 
 10024804, 85.00 
 10009087, 85.00 
 10001771, 85.00 
 10023373, 85.00 
 10022352, 84.83 
 10020025, 84.67 
 10018614, 84.67 
 10015712, 84.67 
 10012633, 84.67 
 10010373, 84.67 
 10010031, 84.67 
 10009726, 84.50 
 10025128, 84.50 
 10025810, 84.50 
 10020290, 84.50 
 10008137, 84.50 
 10016861, 84.50 
 10000470, 84.50 
 10018809, 84.50 
 10028430, 84.50 
 10029973, 84.50 
 10006894, 84.50 
 10011484, 84.50 
 10001690, 84.17 
 10003712, 84.17 
 10001279, 84.00 
 10023781, 84.00 
 10001032, 84.00 
 10012632, 84.00 
 10020843, 83.50 
 10008005, 83.50 
 10024233, 83.50 
 10013222, 83.50 
 10003936, 83.00 
 10023356, 83.00 
 10015724, 83.00 
 10018636, 83.00 
 10016643, 83.00 
 10030954, 83.00 
 10017936, 83.00 
 10010563, 83.00 
 10028479, 83.00 
 10010340, 83.00 
 10002204, 83.00 
 10031550, 83.00 
 10010361, 83.00 
 10003278, 83.00 
 10027862, 83.00 
 10003243, 83.00 
 10029413, 83.00 
 10023560, 82.67 
 10006922, 82.67 
 10008337, 82.67 
 10004036, 82.67 
 10014874, 82.67 
 10019316, 82.50.
 10024344, 82.50 
 10025076, 82.50 
 10010840, 82.50 
 10022044, 82.50 
 10024354, 82.50 
 10031998, 82.50 
 10007337, 82.50 
 10014122, 82.50 
 10023078, 82.50 
 10025144, 82.50 
 10022794, 82.50 
 10002912, 82.50 
 10024646, 82.50 
 10031989, 82.50 
 10022427, 82.50 
 10027741, 82.50 
 10017447, 82.50 
 10012686, 82.50 
 10026533, 82.50 
 10006426, 82.50 
 10024408, 82.50 
 10020253, 82.50 
 10008155, 82.50 
 10026024, 82.50 
 10028231, 82.50 
 10022748, 82.17 
 10025507, 82.17 
 10000990, 82.17 
 10011165, 82.17 
 10009083, 82.17 
 10019757, 82.17 
 10011241, 82.17 
 10022051, 82.17 
 10012355, 82.17 
 10028209, 82.17 
 10024388, 82.17 
 10015454, 82.17 
 10014993, 82.17 
 10003989, 82.17 
 10021914, 82.17 
 10017747, 82.17 
 10008655, 82.17 
 10010796, 82.17 
 10031046, 82.17 
 10018055, 82.17 
 10004753, 82.17 
 10014398, 82.17 
 10023551, 82.17 
 10001193, 82.00 
 10027471, 82.00 
 10009466, 81.83 
 10005342, 81.83 
 10002891, 81.83 
 10016853, 81.83 
 10023185, 81.83 
 10021641, 81.83 
 10019741, 81.83 
 10007859, 81.67 
 10001940, 81.67 
 10027717, 81.67 
 10011236, 81.67 
 10032182, 81.67 
 10014489, 81.67 
 10021453, 81.67 
 10017496, 81.67 
 10030476, 81.50 
 10022856, 81.33 
 10026657, 81.33 
 10013374, 81.33 
 10000840, 81.17 
 10011497, 80.67 
 10021102, 80.67 
 10020066, 80.50 
 10019883, 80.50 
 10032519, 80.50 
 10011706, 80.50 
 10027080, 80.50 
 10025435, 80.50 
 10021996, 80.17 
 10026545, 80.00 
 10001296, 80.00 
 10022918, 80.00 
 10024025, 80.00 
 10030140, 8.00 
 10014173, 8.00 
 10005096, 8.00 
 10021377, 8.00 
 10013231, 79.67 
 10024366, 79.67 
 10021262, 79.67 
 10010528, 79.67 
 10019996, 79.67 
 10003852, 79.67 
 10012912, 79.50 
 10030506, 79.50 
 10019984, 79.50 
 10023415, 79.50 
 10008935, 79.33 
 10029729, 79.33 
 10017094, 79.17 
 10017775, 79.17 
 10007831, 79.17 
 10006194, 79.17 
 10024105, 79.17 
 10024325, 79.17 
 10018881, 79.17 
 10023173, 79.17 
 10021830, 79.17 
 10010738, 79.17 
 10022619, 79.17 
 10022077, 79.17 
 10003102, 79.17 
 10019001, 79.00 
 10021362, 79.00 
 10016694, 79.00 
 10028922, 79.00 
 10023900, 79.00 
 10020758, 78.67 
 10008974, 78.67 
 10026359, 78.50 
 10017982, 78.50 
 10020820, 78.17 
 10025185, 78.00 
 10004298, 78.00 
 10028082, 78.00 
 10031405, 78.00 
 10011194, 77.67 
 10014343, 77.67 
 10019702, 77.67 
 10031419, 77.67 
 10004387, 77.67 
 10020890, 77.67 
 10009325, 77.67 
 10009947, 77.67 
 10019308, 77.67 
 10006306, 77.50 
 10008572, 77.50 
 10027689, 77.50 
 10003142, 77.50 
 10026582, 77.50 
 10018795, 77.50 
 10007290, 77.50 
 10006630, 77.50 
 10020091, 77.50 
 10004999, 77.50 
 10006483, 77.50 
 10028844, 77.50 
 10017779, 77.50 
 10008677, 77.50 
 10023157, 77.50 
 10023311, 77.50 
 10023950, 77.50 
 10011133, 77.50 
 10020956, 77.50 
 10005701, 77.50 
 10021868, 77.50 
 10001915, 77.50 
 10013437, 77.50 
 10018821, 77.50 
 10023547, 77.50 
 10000630, 77.50 
 10003165, 77.17 
 10013998, 77.17 
 10002557, 77.17 
 10003851, 77.17 
 10023438, 77.17 
 10018512, 77.17 
 10014394, 77.17 
 10004636, 77.00 
 10028335, 77.00 
 10027035, 76.83 
 10019815, 76.67 
 10019686, 76.67 
 10028696, 76.67 
 10008069, 76.67 
 10014973, 76.50 
 10022277, 76.50 
 10019242, 76.50 
 10017038, 76.50 
 10027136, 76.50 
 10016298, 76.50 
 10013141, 76.50 
 10024639, 76.50 
 10016744, 76.33 
 10010081, 76.33 
 10020542, 76.17 
 10004177, 76.17 
 10022709, 76.00 
 10019259, 76.00 
 10029593, 76.00 
 10019193, 76.00 
 10008911, 76.00 
 10014495, 76.00 
 10021939, 76.00 
 10004747, 76.00 
 10010630, 75.50 
 10017809, 75.50 
 10022305, 75.17 
 10016759, 75.17 
 10021004, 75.17 
 10010428, 75.17 
 10024260, 75.17 
 10027553, 75.00 
 10015851, 75.00 
 10014677, 75.00 
 10016647, 74.67 
 10008178, 74.67 
 10024059, 74.67 
 10029617, 74.67 
 10010437, 74.50 
 10018195, 74.50 
 10002339, 74.50 
 10024329, 74.33 
 10021235, 74.33 
 10007130, 74.33 
 10019574, 74.17 
 10009462, 74.17 
 10027023, 74.17 
 10010283, 74.17 
 10000848, 74.17 
 10021307, 74.17 
 10020895, 74.17 
 10011010, 74.17 
 10001381, 74.17 
 10024555, 74.17 
 10025803, 74.17 
 10018648, 74.17 
 10007626, 74.17 
 10002110, 74.17 
 10029924, 74.00 
 10013103, 74.00 
 10002279, 74.00 
 10012250, 73.83 
 10014932, 73.83 
 10014479, 73.83 
 10027442, 73.83 
 10017302, 73.83 
 10001707, 73.67 
 10024560, 73.67 
 10022775, 73.67 
 10003467, 73.67 
 10014692, 73.67 
 10018260, 73.50 
 10014223, 73.33 
 10014885, 73.33 
 10007235, 73.33 
 10020911, 73.33 
 10013062, 73.33 
 10008033, 73.17 
 10003131, 73.17 
 10011017, 73.00 
 10027424, 73.00 
 10020316, 73.00 
 10007781, 73.00 
 10023182, 73.00 
 10013535, 73.00 
 10010586, 73.00 
 10012617, 73.00 
 10026515, 73.00 
 10018941, 73.00 
 10001568, 72.83 
 10020868, 72.67 
 10027463, 72.67 
 10019806, 72.50 
 10003453, 72.17 
 10021436, 72.17 
 10002624, 72.17 
 10004951, 72.17 
 10032547, 72.17 
 10029706, 72.17 
 10013221, 72.17 
 10027227, 72.17 
 10026244, 72.17 
 10027768, 72.17 
 10020133, 72.17 
 10020838, 72.17 
 10020011, 72.00 
 10019755, 72.00 
 10014620, 72.00 
 10012570, 72.00 
 10008850, 72.00 
 10009145, 71.83 
 10026831, 71.83 
 10023989, 71.67 
 10016661, 71.67 
 10026646, 71.67 
 10032178, 71.67 
 10011313, 71.67 
 10003113, 71.50 
 10015272, 71.50 
 10030710, 71.50 
 10016218, 71.50 
 10020413, 71.50 
 10018839, 71.17 
 10028964, 71.17 
 10009483, 71.00 
 10009718, 71.00 
 10024665, 71.00 
 10008800, 70.67 
 10011518, 70.67 
 10023072, 70.50 
 10021799, 70.17 
 10026028, 70.17 
 10031846, 70.00 
 10021470, 70.00 
 10006134, 70.00 
 10020068, 70.00 
 10028661, 70.00 
 10020740, 70.00 
 10003908, 70.00 
 10005864, 70.00 
 10001201, 70.00 
 10014112, 70.00 
 10017476, 70.00 
 10007560, 70.00 
 10022899, 70.00 
 10013465, 70.00 
 10001742, 70.00 
 10007251, 70.00 
 10003381, 70.00 
 10018972, 70.00 
 10010309, 70.00 
 10025061, 70.00 
 10020549, 70.00 
 10013116, 70.00 
 10029025, 70.00 
 10013749, 70.00 
 10032318, 70.00 
 10001160, 70.00 
 10012213, 70.00 
 10027203, 70.00 
 10016453, 70.00 
 10004870, 70.00 
 10011754, 70.00 
 10005058, 7.83 
 10019405, 7.50 
 10012644, 7.50 
 10016134, 7.50 
 10011378, 7.50 
 10005943, 7.50 
 10002175, 7.50 
 10027656, 7.50 
 10027295, 7.50 
 10000612, 7.50 
 10028505, 7.50 
 10009222, 7.50 
 10031451, 7.50 
 10014837, 7.50 
 10018324, 7.50 
 10021857, 7.50 
 10023707, 7.50 
 10004346, 7.50 
 10014225, 7.50 
 10013744, 7.50 
 10005950, 7.50 
 10015418, 7.50 
 10031506, 7.50 
 10001607, 7.50 
 10017919, 7.50 
 10016201, 7.00 
 10016870, 7.00 
 10017806, 7.00 
 10024510, 7.00 
 10006723, 7.00 
 10013217, 7.00 
 10005120, 7.00 
 10017514, 7.00 
 10008826, 7.00 
 10001561, 7.00 
 10004793, 69.83 
 10020763, 69.67 
 10030504, 69.67 
 10016275, 69.67 
 10024228, 69.67 
 10012291, 69.67 
 10015083, 69.67 
 10002639, 69.67 
 10027571, 69.67 
 10015883, 69.67 
 10031728, 69.67 
 10023164, 69.67 
 10017236, 69.67 
 10000407, 69.67 
 10012274, 69.50 
 10016482, 69.50 
 10027464, 69.50 
 10016598, 69.50 
 10009223, 69.50 
 10012769, 69.50 
 10000680, 69.50 
 10025329, 69.50 
 10027630, 69.33 
 10009266, 69.17 
 10027417, 69.17 
 10014068, 69.17 
 10004236, 69.17 
 10024413, 69.17 
 10027352, 69.17 
 10001862, 69.17 
 10022469, 69.00 
 10023380, 68.83 
 10030298, 68.83 
 10012400, 68.83 
 10026297, 68.67 
 10004496, 68.67 
 10020871, 68.50 
 10027488, 68.50 
 10003076, 68.50 
 10017429, 68.50 
 10009123, 68.33 
 10011671, 68.33 
 10015734, 68.33 
 10030223, 68.33 
 10027367, 68.33 
 10001482, 68.33 
 10023624, 68.17 
 10007767, 68.00 
 10015314, 68.00 
 10015710, 68.00 
 10016880, 68.00 
 10018505, 68.00 
 10028469, 67.83 
 10025492, 67.83 
 10020477, 67.67 
 10018037, 67.67 
 10022095, 67.17 
 10026871, 67.17 
 10009942, 67.17 
 10030744, 67.17 
 10016980, 67.17 
 10027728, 67.17 
 10025523, 67.17 
 10018739, 67.17 
 10026487, 67.00 
 10025366, 66.83 
 10003342, 66.83 
 10015421, 66.83 
 10031671, 66.83 
 10005260, 66.83 
 10024124, 66.83 
 10020373, 66.67 
 10022655, 66.67 
 10012265, 66.67 
 10024292, 66.67 
 10017778, 66.50 
 10002088, 66.50 
 10002873, 66.33 
 10027252, 66.33 
 10013311, 66.17 
 10023916, 66.00 
 10008112, 65.83 
 10001698, 65.83 
 10002965, 65.83 
 10008260, 65.83 
 10023268, 65.83 
 10014691, 65.83 
 10002964, 65.83 
 10019654, 65.67 
 10003531, 65.50 
 10031893, 65.50 
 10021640, 65.50 
 10018302, 65.50 
 10009814, 65.50 
 10020586, 65.50 
 10010997, 65.50 
 10023079, 65.33 
 10028771, 65.33 
 10017190, 65.33 
 10022163, 65.17 
 10007349, 65.17 
 10025084, 65.00 
 10020539, 65.00 
 10018239, 64.67 
 10000482, 64.67 
 10026315, 64.67 
 10001669, 64.67 
 10024336, 64.67 
 10007595, 64.67 
 10026254, 64.67 
 10001405, 64.67 
 10000994, 64.67 
10005745, 64.67 
 10029719, 64.67 
 10026766, 64.67 
 10010853, 64.67 
 10016403, 64.67 
 10007821, 64.67 
 10020532, 64.67 
 10012186, 64.17 
 10017097, 64.17 
 10026827, 64.17 
 10011845, 64.17 
 10020936, 64.17 
 10009116, 64.17 
 10027397, 64.17 
 10013937, 64.17 
 10019950, 64.17 
 10014554, 64.17 
 10022966, 64.17 
 10029616, 64.00 
 10026846, 63.83 
 10031807, 63.83 
 10016740, 63.83 
 10015599, 63.50 
 10012900, 63.50 
 10000885, 63.50 
 10027975, 63.50 
 10027458, 63.33 
 10003701, 63.33 
 10007663, 63.17 
 10001457, 63.17 
 10006931, 63.17 
 10027583, 63.17 
 10015548, 62.67 
 10021438, 62.50 
 10029741, 62.50 
 10019252, 62.50 
 10012448, 62.50 
 10008878, 62.33 
 10000886, 62.17 
 10011271, 62.00 
 10021673, 62.00 
 10001108, 62.00 
 10016109, 62.00 
 10021189, 62.00 
 10005148, 62.00 
 10017585, 62.00 
 10031500, 61.83 
 10030410, 61.83 
 10017958, 61.67 
 10013408, 61.50 
 10012391, 61.50 
 10005619, 61.50 
 10003489, 61.33 
 10023397, 61.33 
 10030919, 61.17 
 10000935, 61.17 
 10020816, 61.17 
 10025330, 61.17 
 10003646, 61.17 
 10017619, 61.17 
 10031897, 61.00 
 10002543, 61.00 
 10007912, 61.00 
 10005778, 60.83 
 10023996, 60.67 
 10001576, 60.67 
 10000341, 60.67 
 10000298, 60.67 
 10028504, 60.50 
 10023086, 60.50 
 10007282, 60.33 
 10007598, 60.33 
 10023563, 60.17 
 10029633, 60.17 
 10003907, 60.17 
 10013822, 60.00 
 10012236, 60.00 
 10013382, 60.00 
 10006103, 60.00 
 10013794, 60.00 
 10006945, 60.00 
 10030240, 60.00 
 10021086, 60.00 
 10023227, 60.00 
 10020658, 60.00 
 10021279, 60.00 
 10018414, 60.00 
 10029848, 60.00 
 10012637, 60.00 
 10024989, 60.00 
 10029694, 60.00 
 10023571, 60.00 
 10014737, 60.00 
 10032313, 60.00 
 10021786, 60.00 
 10006154, 60.00 
 10026968, 60.00 
 10026777, 6.00 
 10015290, 6.00 
 10027336, 59.83 
 10015833, 59.67 
 10029085, 59.67 
 10019556, 59.67 
 10004669, 59.67 
 10006649, 59.50 
 10004477, 59.33 
 10018585, 59.33 
 10011205, 59.17 
 10026663, 59.17 
 10009302, 58.83 
 10002163, 58.83 
 10008535, 58.83 
 10012533, 58.67 
 10014413, 58.50 
 10014008, 58.33 
 10031536, 58.00 
 10014471, 58.00 
 10028539, 58.00 
 10013323, 57.83 
 10025042, 57.83 
 10016960, 57.67 
 10013956, 57.50 
 10007132, 57.50 
 10026322, 57.50 
 10022237, 57.50 
 10029499, 57.17 
 10027489, 57.17 
 10029787, 57.17 
 10018715, 57.17 
 10025881, 57.17 
 10000264, 57.00 
 10013893, 56.83 
 10023556, 56.83 
 10002712, 56.83 
 10013612, 56.67 
 10010686, 56.67 
 10026513, 56.67 
 10030080, 56.67 
 10016802, 56.67 
 10022264, 56.50 
 10015839, 56.50 
 10005255, 56.50 
 10016130, 56.50 
 10005926, 56.50 
 10003714, 56.50 
 10013197, 56.33 
 10017096, 56.17 
 10006414, 56.17 
 10029785, 56.17 
 10019453, 56.00 
 10002766, 55.83 
 10020596, 55.83 
 10009329, 55.83 
 10008711, 55.83 
 10028203, 55.83 
 10032033, 55.83 
 10015869, 55.83 
 10022617, 55.83 
 10006783, 55.83 
 10028126, 55.67 
 10011283, 55.50 
 10005162, 55.50 
 10020589, 55.50 
 10019857, 55.50 
 10003119, 55.50 
 10018010, 55.50 
 10012775, 55.50 
 10022134, 55.50 
 10020830, 55.50 
 10029528, 55.50 
 10029914, 55.50 
 10016722, 55.50 
 10006254, 55.33 
 10014011, 55.17 
 10017491, 55.00 
 10028288, 55.00 
 10001529, 55.00 
 10025503, 55.00 
 10023681, 55.00 
 10008321, 55.00 
 10028158, 55.00 
 10017800, 55.00 
 10003662, 55.00 
 10030010, 55.00 
 10021369, 54.67 
 10011633, 54.67 
 10013368, 54.67 
 10014946, 54.67 
 10023975, 54.50 
 10026821, 54.00 
 10026482, 54.00 
 10001580, 53.83 
 10025837, 53.83 
 10017479, 53.83 
 10024713, 53.67 
 10020603, 53.67 
 10002136, 53.50 
 10002508, 53.50 
 10030956, 53.50 
 10027788, 53.50 
 10016878, 53.50 
 10031764, 53.50 
 10017713, 53.17 
 10019527, 53.17 
 10023132, 53.00 
 10021765, 52.83 
 10015728, 52.67 
 10029738, 52.50 
 10014028, 52.50 
 10029677, 52.50 
 10020684, 52.50 
 10031987, 52.50 
 10015868, 52.50 
 10016003, 52.50 
 10004043, 52.50 
 10013298, 52.50 
 10005867, 52.50 
 10018469, 52.50 
 10018154, 52.50 
 10023184, 52.50 
 10031095, 52.50 
 10018053, 52.50 
 10021558, 52.50 
 10001875, 52.50 
 10004421, 52.50 
 10022460, 52.50 
 10002773, 52.50 
 10019240, 52.50 
 10024396, 52.50 
 10025897, 52.50 
 10030498, 52.50 
 10025606, 52.50 
 10008867, 52.50 
 10011457, 52.50 
 10030606, 52.50 
 10013205, 52.50 
 10017358, 52.33 
 10009097, 52.17 
 10005142, 52.17 
 10030846, 52.17 
 10029632, 52.17 
 10004511, 52.17 
 10018186, 52.17 
 10016755, 52.17 
 10026662, 52.00 
 10012020, 52.00 
 10009017, 51.67 
 10018628, 51.67 
 10005987, 51.67 
 10004322, 51.67 
 10000506, 51.67 
 10006628, 51.50 
 10000377, 51.50 
 10030607, 51.33 
 10025393, 51.33 
 10017991, 51.33 
 10011961, 51.33 
 10012443, 51.33 
 10020263, 51.33 
 10011985, 51.33 
 10011315, 51.33 
 10006413, 51.33 
 10022141, 51.17 
 10000678, 51.17 
 10025406, 50.83 
 10022129, 50.83 
 10029891, 50.83 
 10005525, 50.83 
 10021701, 50.67 
 10011965, 50.50 
 10008657, 50.50 
 10032073, 50.50 
 10003710, 50.50 
 10020674, 50.50 
 10019939, 50.50 
 10017693, 50.33 
 10023209, 50.00 
 10019343, 50.00 
 10019143, 50.00 
 10003815, 50.00 
 10032359, 50.00 
 10027271, 50.00 
 10008963, 5.33 
 10032260, 5.33 
 10005419, 5.33 
 10006532, 5.00 
 10007887, 5.00 
 10022755, 5.00 
 10021277, 5.00 
 10018253, 5.00 
 10024155, 5.00 
 10009480, 5.00 
 10027240, 49.67 
 10009797, 49.67 
 10013754, 49.50 
 10004499, 49.17 
 10025942, 48.83 
 10022691, 48.83 
 10015220, 48.67 
 10002918, 48.67 
 10032346, 48.67 
 10002400, 48.67 
 10021432, 48.33 
 10026365, 48.17 
 10000529, 48.17 
 10007903, 48.17 
 10015304, 48.17 
 10018058, 48.17 
 10028605, 48.00 
 10020298, 48.00 
 10023349, 48.00 
 10016187, 48.00 
 10027192, 48.00 
 10025164, 47.83 
 10015980, 47.83 
 10010735, 47.83 
 10008359, 47.83 
 10003761, 47.83 
 10027118, 47.67 
 10024166, 47.67 
 10016023, 47.50 
 10016411, 47.50 
 10022954, 47.50 
 10005139, 47.50 
 10015616, 47.50 
 10026055, 47.50 
 10019840, 47.50 
 10003254, 47.50 
 10007194, 47.50 
 10007547, 47.50 
 10027615, 47.50 
 10019929, 47.50 
 10001591, 47.50 
 10020075, 47.50 
 10000853, 47.50 
 10017796, 47.17 
 10020636, 47.00 
 10014629, 47.00 
 10002376, 46.83 
 10016372, 46.83 
 10025145, 46.67 
 10012335, 46.50 
 10031480, 46.50 
 10002691, 46.33 
 10011461, 46.33 
 10025536, 46.33 
 10000818, 46.33 
 10006360, 46.33 
 10006889, 46.17 
 10000847, 46.00 
 10012634, 46.00 
 10026829, 46.00 
 10009853, 46.00 
 10018168, 46.00 
 10023325, 45.83 
 10017527, 45.50 
 10019469, 45.50 
 10016929, 45.50 
 10015678, 45.50 
 10004021, 45.50 
 10025731, 45.50 
 10031975, 45.50 
 10016767, 45.50 
 10003530, 45.50 
 10022739, 45.50 
 10011584, 45.50 
 10011050, 45.50 
 10017754, 45.50 
 10027844, 45.50 
 10009741, 45.17 
 10025472, 45.00 
 10015989, 45.00 
 10017941, 45.00 
 10010644, 45.00 
 10010752, 45.00 
 10024442, 44.50 
 10001118, 44.50 
 10009402, 44.17 
 10017287, 44.00 
 10016204, 43.83 
 10027501, 43.67 
 10026885, 43.67 
 10006476, 43.67 
 10022524, 43.67 
 10016008, 43.33 
 10027150, 43.33 
 10003977, 43.33 
 10021008, 43.33 
 10025113, 43.33 
 10027681, 43.33 
 10004675, 43.33 
 10010133, 43.33 
 10025262, 43.33 
 10006498, 43.33 
 10018555, 43.17 
 10015579, 43.00 
 10026565, 43.00 
 10016329, 43.00 
 10016429, 43.00 
 10015414, 43.00 
 10005706, 43.00 
 10006517, 43.00 
 10000575, 42.83 
 10000961, 42.83 
 10022550, 42.83 
 10019735, 42.83 
 10023453, 42.83 
 10012999, 42.83 
 10017436, 42.50 
 10001431, 42.50 
 10003180, 42.50 
 10007646, 42.50 
 10009827, 42.50 
 10028363, 42.50 
 10004131, 42.50 
 10014754, 42.50 
 10020813, 42.50 
 10001558, 42.50 
 10011695, 42.50 
 10000974, 42.50 
 10006942, 42.50 
 10032568, 42.50 
 10010165, 42.50 
 10012157, 42.50 
 10031311, 42.50 
 10018002, 42.50 
 10025512, 42.50 
 10010740, 42.33 
 10024398, 42.33 
 10028206, 42.33 
 10030770, 42.17 
 10021361, 42.17 
 10015150, 41.50 
 10025632, 41.50 
 10012107, 41.17 
 10026456, 41.00 
 10018788, 41.00 
 10025581, 41.00 
 10011235, 40.83 
 10022618, 40.67 
 10032414, 40.50 
 10019461, 40.50 
 10017895, 40.50 
 10000020, 40.50 
 10027729, 40.50 
 10005095, 40.50 
 10007609, 40.50 
 10020677, 40.50 
 10010757, 40.50 
 10028741, 40.50 
 10027531, 40.50 
 10011648, 40.50 
 10011819, 40.50 
 10009655, 40.50 
 10020686, 40.33 
 10028580, 40.33 
 10009684, 40.33 
 10008983, 40.00 
 10020991, 40.00 
 10021807, 40.00 
 10023927, 40.00 
 10007744, 40.00 
 10029084, 40.00 
 10028951, 40.00 
 10001615, 40.00 
 10024397, 40.00 
 10012464, 40.00 
 10024432, 40.00 
 10003914, 40.00 
 10019952, 40.00 
 10028293, 40.00 
 10003644, 4.50 
 10031385, 4.50 
 10010693, 4.50 
 10019611, 4.50 
 10021084, 4.50 
 10027888, 4.50 
 10001449, 4.50 
 10016131, 4.50 
 10021896, 4.50 
 10029214, 4.50 
 10029511, 4.50 
 10030110, 4.50 
 10031563, 4.50 
 10020692, 4.50 
 10027137, 4.50 
 10005811, 4.50 
 10000395, 4.50 
 10007795, 4.50 
 10025618, 4.50 
 10021043, 4.50 
 10032001, 4.50 
 10031898, 39.50 
 10010626, 39.50 
 10008332, 39.33 
 10004451, 39.33 
 10026863, 39.17 
 10005883, 39.17 
 10016859, 39.17 
 10010562, 39.00 
 10018477, 39.00 
 10000031, 38.83 
 10010306, 38.83 
 10008917, 38.67 
 10032365, 38.67 
 10000415, 38.50 
 10029284, 38.50 
 10009857, 38.50 
 10029359, 38.50 
 10010180, 38.33 
 10001646, 38.33 
 10029497, 38.17 
 10014640, 38.00 
 10010838, 38.00 
 10002751, 38.00 
 10017580, 38.00 
 10002293, 38.00 
 10004382, 38.00 
 10014228, 38.00 
 10027559, 37.83 
 10022859, 37.50 
 10024649, 37.50 
 10020593, 37.50 
 10018802, 37.50 
 10030974, 37.50 
 10013720, 37.50 
 10024863, 37.50 
 10016150, 37.50 
 10006790, 37.50 
 10012794, 37.50 
 10015374, 37.50 
 10028241, 37.50 
 10002173, 37.50 
 10009567, 37.50 
 10032186, 37.50 
 10000854, 37.50 
 10023167, 37.50 
 10005295, 37.50 
 10002762, 37.50 
 10004911, 37.50 
 10018733, 37.50 
 10027348, 37.50 
 10027671, 37.50 
 10027995, 37.50 
 10030367, 37.50 
 10030926, 37.50 
 10016889, 37.50 
 10003921, 37.50 
 10018348, 37.50 
 10019827, 37.50 
 10009538, 37.50 
 10012457, 37.50 
 10006941, 37.50 
 10029023, 37.50 
 10027333, 37.50 
 10024985, 37.50 
 10003813, 37.50 
 10020903, 37.50 
 10007942, 37.50 
 10009929, 37.50 
 10027916, 37.50 
 10011542, 37.50 
 10010494, 37.50 
 10022742, 37.50 
 10004936, 37.50 
 10028579, 37.50 
 10025761, 37.50 
 10021941, 37.50 
 10015698, 37.33 
 10030609, 37.17 
 10019025, 37.00 
 10009786, 36.83 
 10027422, 36.83 
 10030420, 36.50 
 10003400, 36.50 
 10011783, 36.50 
 10021543, 36.50 
 10021948, 36.33 
 10018709, 36.17 
 10015470, 36.00 
 10023100, 36.00 
 10028421, 36.00 
 10024617, 36.00 
 10029814, 36.00 
 10000557, 35.83 
 10026884, 35.83 
 10014924, 35.83 
 10013269, 35.67 
 10029341, 35.67 
 10008377, 35.50 
 10008672, 35.33 
 10016186, 35.33 
 10013280, 35.33 
 10001115, 35.33 
 10003499, 35.33 
 10023276, 35.33 
 10012660, 35.33 
 10011591, 35.33 
 10021677, 35.33 
 10008355, 35.00 
 10029371, 35.00 
 10026377, 35.00 
 10011564, 35.00 
 10001253, 35.00 
 10013615, 35.00 
 10014054, 34.67 
 10031428, 34.67 
 10000396, 34.67 
 10029568, 34.50 
 10022303, 34.50 
 10007992, 34.50 
 10021772, 34.33 
 10001022, 34.33 
 10027046, 34.17 
 10014317, 34.00 
 10024704, 34.00 
 10004138, 33.83 
 10030436, 33.50 
 10005986, 33.50 
 10004906, 33.33 
 10029316, 33.33 
 10010591, 33.00 
 10018599, 33.00 
 10014366, 33.00 
 10021252, 33.00 
 10012108, 33.00 
 10029098, 33.00 
 10001159, 33.00 
 10009605, 33.00 
 10001258, 33.00 
 10030028, 33.00 
 10015562, 33.00 
 10009584, 33.00 
 10005051, 32.83 
 10013704, 32.50 
 10019192, 32.50 
 10021152, 32.50 
 10018833, 32.50 
 10017255, 32.50 
 10015550, 32.50 
 10001787, 32.50 
 10021422, 32.50 
 10031398, 32.50 
 10013884, 32.50 
 10028409, 32.50 
 10016573, 32.50 
 10028965, 32.50 
 10016363, 32.50 
 10018649, 32.50 
 10007874, 32.50 
 10022178, 32.50 
 10001583, 32.00 
 10021931, 31.83 
 10006684, 31.50 
 10015338, 31.50 
 10012625, 31.50 
 10032293, 31.50 
 10020106, 31.50 
 10023340, 31.50 
 10024651, 31.33 
 10005978, 31.17 
 10029991, 31.00 
 10029530, 31.00 
 10030220, 31.00 
 10025683, 30.83 
 10007187, 30.83 
 10004762, 30.67 
 10022997, 30.50 
 10020202, 30.50 
 10001766, 30.50 
 10000624, 30.50 
 10009840, 30.00 
 10026644, 30.00 
 10002841, 30.00 
 10029409, 30.00 
 10021500, 30.00 
 10030154, 30.00 
 10028940, 30.00 
 10001595, 30.00 
 10004367, 30.00 
 10031067, 30.00 
 10023698, 30.00 
 10011206, 30.00 
 10010345, 30.00 
 10028427, 30.00 
 10021247, 30.00 
 10030091, 30.00 
 10005615, 30.00 
 10020104, 30.00 
 10003476, 30.00 
 10026852, 30.00 
 10021326, 30.00 
 10028689, 30.00 
 10006848, 30.00 
 10029747, 30.00 
 10008830, 30.00 
 10030947, 30.00 
 10025747, 30.00 
 10002434, 30.00 
 10031226, 30.00 
 10029889, 30.00 
 10022937, 30.00 
 10022986, 30.00 
 10030275, 30.00 
 10027139, 30.00 
 10007258, 30.00 
 10000196, 30.00 
 10025623, 30.00 
 10017881, 30.00 
 10024145, 30.00 
 10002973, 30.00 
 10015892, 30.00 
 10005989, 30.00 
 10027590, 30.00 
 10024309, 30.00 
 10002154, 30.00 
 10030027, 30.00 
 10016440, 30.00 
 10027337, 30.00 
 10014997, 30.00 
 10028787, 30.00 
 10016495, 30.00 
 10001292, 30.00 
 10032115, 29.50 
 10006115, 29.50 
 10003996, 29.33 
 10025311, 29.17 
 10001927, 29.00 
 10008999, 29.00 
 10028013, 28.67 
 10003790, 28.50 
 10027960, 28.50 
 10010905, 28.50 
 10009738, 28.00 
 10020162, 28.00 
 10021591, 28.00 
 10015043, 27.83 
 10017276, 27.50 
 10020748, 27.50 
 10032006, 27.50 
 10014300, 27.50 
 10031526, 27.33 
 10001671, 27.00 
 10002087, 27.00 
 10024621, 27.00 
 10006803, 27.00 
 10022534, 26.67 
 10013037, 26.67 
 10004848, 26.50 
 10028915, 26.50 
 10003472, 26.50 
 10018170, 26.33 
 10031783, 26.33 
 10006409, 26.33 
 10027936, 26.33 
 10028388, 26.00 
 10009080, 26.00 
 10016999, 25.83 
 10022824, 25.50 
 10015973, 25.50 
 10001691, 25.50 
 10029704, 25.50 
 10023391, 25.50 
 10014735, 25.50 
 10025677, 25.50 
 10025595, 25.50 
 10010263, 25.50 
 10005914, 25.50 
 10006090, 25.50 
 10020710, 25.50 
 10013729, 25.50 
 10018940, 25.50 
 10008782, 25.50 
 10020266, 25.50 
 10013009, 25.50 
 10021515, 25.50 
 10024539, 25.50 
 10026945, 25.50 
 10013244, 25.50 
 10006054, 25.50 
 10011477, 25.50 
 10014755, 25.33 
 10013096, 25.00 
 10014834, 25.00 
 10015108, 25.00 
 10027549, 25.00 
 10000835, 25.00 
 10002967, 24.83 
 10017755, 24.50 
 10000900, 24.50 
 10006573, 24.50 
 10011499, 24.50 
 10029697, 24.50 
 10013024, 24.33 
 10014598, 24.00 
 10005143, 24.00 
 10014908, 24.00 
 10023403, 24.00 
 10006615, 23.83 
 10019981, 23.83 
 10010014, 23.50 
 10024946, 23.50 
 10000487, 23.50 
 10012326, 23.50 
 10025716, 23.33 
 10027368, 23.17 
 10028005, 23.00 
 10006148, 23.00 
 10010672, 23.00 
 10030407, 22.83 
 10002025, 22.83 
 10013768, 22.67 
 10010979, 22.67 
 10024019, 22.50 
 10018586, 22.50 
 10021342, 22.50 
 10024597, 22.50 
 10019819, 22.50 
 10005028, 22.50 
 10029317, 22.50 
 10015866, 22.50 
 10018163, 22.50 
 10013348, 22.50 
 10019203, 22.00 
 10027432, 22.00 
 10015291, 21.50 
 10022640, 21.00 
 10010969, 21.00 
 10002802, 21.00 
 10025888, 21.00 
 10012971, 21.00 
 10027242, 21.00 
 10007288, 21.00 
 10000363, 21.00 
 10021060, 21.00 
 10015831, 21.00 
 10024626, 21.00 
 10030965, 21.00 
 10009678, 21.00 
 10014455, 21.00 
 10016381, 20.50 
 10030878, 20.50 
 10005400, 20.50 
 10002620, 20.33 
 10027233, 20.00 
 10027396, 20.00 
 10006028, 20.00 
 10024960, 20.00 
 10001416, 2.50 
 10004189, 2.50 
 10025983, 2.50 
 10004093, 2.50 
 10025568, 2.50 
 10013413, 2.50 
 10007758, 2.50 
 10000064, 2.50 
 10010002, 2.50 
 10011099, 2.50 
 10010756, 2.50 
 10021482, 2.50 
 10016551, 2.50 
 10024116, 19.50 
 10031747, 19.50 
 10022063, 19.50 
 10014039, 19.50 
 10008088, 18.67 
 10008680, 18.50 
 10010727, 18.50 
 10019863, 18.50 
 10028846, 18.00 
 10030194, 18.00 
 10016769, 18.00 
 10031333, 18.00 
 10005984, 18.00 
 10029449, 18.00 
 10025139, 18.00 
 10015890, 17.83 
 10026374, 17.50 
 10026404, 17.50 
 10031525, 17.50 
 10021633, 17.50 
 10014752, 17.50 
 10002452, 17.50 
 10004089, 17.33 
 10007771, 17.33 
 10017695, 17.33 
 10015621, 17.33 
 10015457, 17.33 
 10024300, 17.00 
 10009437, 17.00 
 10031604, 17.00 
 10012489, 17.00 
 10031817, 16.50 
 10030199, 16.50 
 10022088, 16.50 
 10003460, 16.50 
 10030050, 16.50 
 10012711, 16.50 
 10022897, 16.50 
 10012507, 16.50 
 10002612, 16.50 
 10023626, 16.50 
 10023859, 16.50 
 10012112, 16.50 
 10030077, 16.50 
 10018157, 16.50 
 10023719, 16.50 
 10029756, 16.00 
 10029113, 16.00 
 10012013, 16.00 
 10006354, 16.00 
 10029560, 16.00 
 10021626, 15.50 
 10012612, 15.50 
 10002107, 15.33 
 10019204, 15.00 
 10018364, 15.00 
 10019496, 15.00 
 10025895, 15.00 
 10016219, 15.00 
 10011485, 15.00 
 10009790, 15.00 
 10002493, 15.00 
 10027071, 15.00 
 10022059, 15.00 
 10017577, 14.50 
 10028196, 14.33 
 10028778, 14.00 
 10010952, 14.00 
 10015929, 13.50 
 10021487, 13.50 
 10019332, 13.50 
 10030799, 13.50 
 10028828, 13.50 
 10009540, 13.50 
 10029522, 13.50 
 10019287, 13.50 
 10022682, 13.50 
 10012687, 13.50 
 10027720, 13.50 
 10014581, 13.50 
 10029696, 13.50 
 10017303, 13.50 
 10006446, 13.50 
 10016277, 13.50 
 10002815, 13.33 
 10032002, 13.33 
 10032264, 13.33 
 10007902, 13.33 
 10009139, 13.33 
 10018336, 13.17 
 10006243, 12.83 
 10002566, 12.50 
 10009539, 12.50 
 10021354, 12.50 
 10015946, 12.50 
 10018054, 12.50 
 10029804, 12.00 
 10017934, 12.00 
 10012534, 12.00 
 10000111, 12.00 
 10006177, 12.00 
 10014083, 12.00 
 10012156, 12.00 
 10004336, 12.00 
 10027828, 12.00 
 10003979, 12.00 
 10005558, 11.50 
 10014364, 11.50 
 10000936, 11.50 
 10027179, 11.50 
 10021404, 100.00 
 10012270, 100.00 
 10031093, 100.00 
 10027627, 100.00 
 10021112, 100.00 
 10015928, 100.00 
 10017586, 100.00 
 10010280, 100.00 
 10028776, 100.00 
 10030186, 100.00 
 10023998, 100.00 
 10022002, 100.00 
 10008369, 100.00 
 10015995, 100.00 
 10029053, 100.00 
 10017408, 100.00 
 10000436, 100.00 
 10009494, 100.00 
 10006747, 100.00 
 10030382, 100.00 
 10005757, 100.00 
 10000442, 100.00 
 10018404, 100.00 
 10018185, 100.00 
 10025029, 100.00 
 10028936, 100.00 
 10021097, 100.00 
 10010654, 100.00 
 10015557, 100.00 
 10029651, 100.00 
 10012403, 100.00 
 10011412, 100.00 
 10017466, 100.00 
 10027166, 100.00 
 10020577, 100.00 
 10002155, 100.00 
 10009003, 100.00 
 10028878, 100.00 
 10005917, 100.00 
 10023600, 100.00 
 10002845, 100.00 
 10007713, 100.00 
 10003205, 100.00 
 10025519, 100.00 
 10027636, 100.00 
 10021627, 100.00 
 10014063, 100.00 
 10014243, 100.00 
 10001856, 100.00 
 10017547, 100.00 
 10027772, 100.00 
 10026247, 100.00 
 10027487, 100.00 
 10000398, 100.00 
 10001080, 100.00 
 10002556, 100.00 
 10024061, 100.00 
 10016873, 100.00 
 10010388, 100.00 
 10009112, 100.00 
 10007783, 100.00 
 10012120, 100.00 
 10010417, 100.00 
 10012000, 100.00 
 10003784, 100.00 
 10024490, 100.00 
 10009162, 100.00 
 10007423, 100.00 
 10010336, 100.00 
 10025133, 100.00 
 10015619, 100.00 
 10023293, 100.00 
 10002165, 100.00 
 10009913, 100.00 
 10030903, 100.00 
 10019720, 100.00 
 10022489, 100.00 
 10002584, 100.00 
 10011446, 100.00 
 10025501, 100.00 
 10001683, 100.00 
 10003538, 100.00 
 10013449, 100.00 
 10016724, 100.00 
 10028520, 100.00 
 10009202, 100.00 
 10021269, 100.00 
 10020293, 100.00 
 10016169, 100.00 
 10007657, 100.00 
 10020306, 100.00 
 10021545, 100.00 
 10030519, 100.00 
 10006538, 100.00 
 10026524, 100.00 
 10012393, 100.00 
 10009304, 100.00 
 10024818, 100.00 
 10023433, 100.00 
 10010310, 100.00 
 10004355, 100.00 
 10018299, 100.00 
 10027478, 100.00 
 10014550, 100.00 
 10008086, 100.00 
 10010734, 100.00 
 10019723, 100.00 
 10027711, 100.00 
 10021493, 100.00 
 10005606, 100.00 
 10014348, 100.00 
 10012245, 100.00 
 10032257, 100.00 
 10018466, 100.00 
 10014866, 100.00 
 10024244, 100.00 
 10022500, 100.00 
 10023995, 100.00 
 10030561, 100.00 
 10009125, 100.00 
 10016272, 100.00 
 10006975, 100.00 
 10008774, 100.00 
 10002971, 100.00 
 10018530, 100.00 
 10029167, 100.00 
 10013845, 100.00 
 10029451, 100.00 
 10024902, 100.00 
 10016815, 100.00 
 10013850, 100.00 
 10017419, 100.00 
 10009175, 100.00 
 10014350, 100.00 
 10024089, 100.00 
 10020647, 100.00 
 10011316, 100.00 
 10015100, 100.00 
 10029071, 100.00 
 10013097, 100.00 
 10013644, 100.00 
 10023846, 100.00 
 10022372, 100.00 
 10023146, 100.00 
 10030169, 100.00 
 10023740, 100.00 
 10023608, 100.00 
 10028754, 100.00 
 10021117, 100.00 
 10018887, 100.00 
 10001192, 100.00 
 10027620, 100.00 
 10001093, 100.00 
 10001418, 100.00 
 10019201, 100.00 
 10017712, 100.00 
 10005562, 100.00 
 10014560, 100.00 
 10029882, 100.00 
 10029380, 100.00 
 10031297, 100.00 
 10006206, 100.00 
 10030821, 100.00 
 10019487, 100.00 
 10027879, 100.00 
 10023244, 100.00 
 10018846, 100.00 
 10007213, 100.00 
 10026243, 100.00 
 10000074, 100.00 
 10021298, 100.00 
 10021392, 100.00 
 10016422, 100.00 
 10025155, 100.00 
 10010940, 100.00 
 10009473, 100.00 
 10001141, 100.00 
 10028149, 100.00 
 10001873, 100.00 
 10000230, 100.00 
 10000971, 100.00 
 10013468, 100.00 
 10015319, 100.00 
 10001069, 100.00 
 10008616, 100.00 
 10014999, 100.00 
 10004465, 100.00 
 10029297, 100.00 
 10009578, 100.00 
 10028811, 100.00 
 10017816, 100.00 
 10004008, 100.00 
 10027989, 100.00 
 10022879, 100.00 
 10019154, 100.00 
 10015309, 100.00 
 10010346, 100.00 
 10009110, 100.00 
 10024547, 100.00 
 10001408, 100.00 
 10024959, 100.00 
 10001474, 100.00 
 10027928, 100.00 
 10023052, 100.00 
 10000916, 100.00 
 10031751, 100.00 
 10002028, 100.00 
 10031220, 100.00 
 10001633, 100.00 
 10005315, 100.00 
 10009680, 100.00 
 10009027, 100.00 
 10007521, 100.00 
 10025380, 100.00 
 10007893, 100.00 
 10029390, 100.00 
 10019134, 100.00 
 10019962, 100.00 
 10020703, 100.00 
 10001468, 100.00 
 10021654, 100.00 
 10017821, 100.00 
 10009358, 100.00 
 10030968, 100.00 
 10028512, 100.00 
 10007012, 100.00 
 10031400, 100.00 
 10023788, 100.00 
 10025051, 100.00 
 10029572, 100.00 
 10014245, 100.00 
 10014898, 100.00 
 10027830, 100.00 
 10007175, 100.00 
 10011877, 100.00 
 10000390, 100.00 
 10015649, 100.00 
 10000832, 100.00 
 10028440, 100.00 
 10016713, 100.00 
 10006430, 100.00 
 10025178, 100.00 
 10025112, 100.00 
 10010129, 100.00 
 10032409, 100.00 
 10024571, 100.00 
 10024572, 100.00 
 10011481, 100.00 
 10018035, 100.00 
 10015059, 100.00 
 10002534, 100.00 
 10024104, 100.00 
 10002143, 100.00 
 10007330, 100.00 
 10016636, 100.00 
 10002536, 100.00 
 10003306, 100.00 
 10022834, 100.00 
 10025883, 100.00 
 10002603, 100.00 
 10000450, 100.00 
 10022209, 100.00 
 10021614, 100.00 
 10030677, 100.00 
 10004577, 100.00 
 10027667, 100.00 
 10004314, 100.00 
 10019796, 100.00 
 10026672, 100.00 
 10011951, 100.00 
 10017967, 100.00 
 10007475, 100.00 
 10025849, 100.00 
 10009006, 100.00 
 10009203, 100.00 
 10010188, 100.00 
 10027253, 100.00 
 10030690, 100.00 
 10029595, 100.00 
 10022349, 100.00 
 10031554, 100.00 
 10026261, 100.00 
 10029489, 100.00 
 10019578, 100.00 
 10028984, 100.00 
 10032428, 100.00 
 10013414, 100.00 
 10020744, 100.00 
 10003850, 100.00 
 10020322, 100.00 
 10008801, 100.00 
 10027384, 100.00 
 10010466, 100.00 
 10023654, 100.00 
 10031176, 100.00 
 10029479, 100.00 
 10020909, 100.00 
 10020110, 100.00 
 10004643, 100.00 
 10022575, 100.00 
 10025549, 100.00 
 10005209, 100.00 
 10024977, 100.00 
 10019274, 100.00 
 10022478, 100.00 
 10015684, 100.00 
 10014456, 100.00 
 10019486, 100.00 
 10030384, 100.00 
 10011918, 100.00 
 10005570, 100.00 
 10012500, 100.00 
 10031472, 100.00 
 10010409, 100.00 
 10000968, 100.00 
 10027574, 100.00 
 10017549, 10.67 
 10013025, 10.50 
 10018858, 10.50 
 10014310, 10.50 
 10018403, 10.00 
 10019490, 10.00 
 10014548, 10.00 
 10024605, 10.00 
 10031787, 0.00 
 10023843, 0.00 
 10019539, 0.00 
 10026026, 0.00 
 10001806, 0.00 
 10021249, 0.00 
 10026484, 0.00 
 10028370, 0.00 
 10014450, 0.00 
 10014739, 0.00 
 10011423, 0.00 
 10016108, 0.00 
 10002284, 0.00 
 10019988, 0.00 
 10005871, 0.00 
 10010317, 0.00 
 10026768, 0.00 
 10030032, 0.00 
 10029189, 0.00 
 10018160, 0.00 
 10026203, 0.00 
 10015372, 0.00 
 10025004, 0.00 
 10023183, 0.00 
 10013254, 0.00 
 10008314, 0.00 
 10024994, 0.00 
 10006003, 0.00 
 10023569, 0.00 
 10007585, 0.00 
 10000209, 0.00 
 10009574, 0.00 
 10005888, 0.00 
 10001422, 0.00 
 10012824, 0.00 
 10017814, 0.00 
 10013102, 0.00 
 10029191, 0.00 
 10031087, 0.00 
 10001897, 0.00 
 10022161, 0.00 
 10005688, 0.00 
 10029015, 0.00 
 10009521, 0.00 
 10020149, 0.00 
 10013700, 0.00 
 10023257, 0.00 
 10016672, 0.00 
 10029224, 0.00 
 10012175, 0.00 
 10004201, 0.00 
 10009672, 0.00 
 10009867, 0.00 
 10002619, 0.00 
 10030737, 0.00 
 10018370, 0.00 
 10005002, 0.00 
 10028398, 0.00 
 10022373, 0.00 
 10003339, 0.00 
 10020916, 0.00 
 10006832, 0.00 
 10003880, 0.00 
 10009367, 0.00 
 10029937, 0.00 
 10015265, 0.00 
 10007190, 0.00 
 10017259, 0.00 
 10017264, 0.00 
 10003947, 0.00 
 10002101, 0.00 
 10009583, 0.00 
 10004278, 0.00 
 10022902, 0.00 
 10028465, 0.00 
 10009576, 0.00 
 10011048, 0.00 
 10000922, 0.00 
 10010698, 0.00 
 10021870, 0.00 
 10003545, 0.00 
 10025218, 0.00 
 10008325, 0.00 
 10026695, 0.00 
 10012827, 0.00 
 10031151, 0.00 
 10030513, 0.00 
 10018012, 0.00 
 10031052, 0.00 
 10019522, 0.00 
 10026604, 0.00 
 10002216, 0.00 
 10023804, 0.00 
 10030452, 0.00 
 10005918, 0.00 
 10020437, 0.00 
 10029059, 0.00 
 10028255, 0.00 
 10016711, 0.00 
 10027310, 0.00 
 10011925, 0.00 
 10004770, 0.00 
 10008329, 0.00 
 10019880, 0.00 
 10020013, 0.00 
 10027808, 0.00 
